Total Number of Aligned Reads:	940	Total Number of Mapped Genomes:	52
Genome	Final Guess	Final Best Hit	Final Best Hit Read Numbers	Final High Confidence Hits	Final Low Confidence Hits	Initial Guess	Initial Best Hit	Initial Best Hit Read Numbers	Initial High Confidence Hits	Initial Low Confidence Hits
ti|512566	0.9032113900113873	0.8882978723404256	835.0	0.8882978723404256	0.0	0.1869407184612827	0.20628546099290757	193.9083333333331	0.07340425531914893	0.39361702127659576
ti|869303	0.05412206657359152	0.06170212765957447	58.0	0.059574468085106386	0.002127659574468085	0.17174118850297923	0.1835195035460992	172.50833333333324	0.04680851063829787	0.4148936170212766
ti|487213	0.03528086478115783	0.0425531914893617	40.0	0.03829787234042553	0.00425531914893617	0.16208553204507062	0.15291666666666684	143.74166666666682	0.022340425531914895	0.4702127659574468
ti|488223	0.00738567863385981	0.007446808510638298	7.0	0.006382978723404255	0.0010638297872340426	0.15860883527252748	0.15495567375886535	145.65833333333342	0.011702127659574468	0.46914893617021275
