Total Number of Aligned Reads:	1000	Total Number of Mapped Genomes:	404
Genome	Final Guess	Final Best Hit	Final Best Hit Read Numbers	Final High Confidence Hits	Final Low Confidence Hits	Initial Guess	Initial Best Hit	Initial Best Hit Read Numbers	Initial High Confidence Hits	Initial Low Confidence Hits
ti|592021	0.333327230616937	0.3321666666666652	332.1666666666652	0.001	0.995	0.10492521973707326	0.15564726904785076	155.64726904785076	0.0	0.991
ti|261594	0.333327230616937	0.33266666666666517	332.66666666666515	0.001	0.995	0.10492521973707326	0.155669913975387	155.66991397538698	0.0	0.992
ti|198094	0.333327230616937	0.33516666666666517	335.16666666666515	0.001	0.998	0.10492521973707326	0.1586472690478507	158.6472690478507	0.0	0.994
