Total Number of Aligned Reads:	1000	Total Number of Mapped Genomes:	25
Genome	Final Guess	Final Best Hit	Final Best Hit Read Numbers	Final High Confidence Hits	Final Low Confidence Hits	Initial Guess	Initial Best Hit	Initial Best Hit Read Numbers	Initial High Confidence Hits	Initial Low Confidence Hits
ti|552531	0.200000000000752	0.5205	520.5	0.021	0.979	0.17114154931619632	0.21965714285713978	219.65714285713977	0.015	0.985
ti|1042403	0.200000000000752	0.4795	479.5	0.0	0.959	0.17114154931619632	0.17915714285714132	179.1571428571413	0.0	0.959
ti|555970	0.20000000000069246	0.0	0.0	0.0	0.0	0.17114154931619613	0.1763071428571415	176.30714285714149	0.0	0.95
ti|1281781	0.20000000000068835	0.0	0.0	0.0	0.0	0.1711415493161961	0.17670714285714142	176.70714285714143	0.0	0.95
ti|580050	0.19999999999711535	0.0	0.0	0.0	0.0	0.17114154931618408	0.17695714285714145	176.95714285714146	0.0	0.953
