Total Number of Aligned Reads:	1000	Total Number of Mapped Genomes:	35
Genome	Final Guess	Final Best Hit	Final Best Hit Read Numbers	Final High Confidence Hits	Final Low Confidence Hits	Initial Guess	Initial Best Hit	Initial Best Hit Read Numbers	Initial High Confidence Hits	Initial Low Confidence Hits
ti|592021	0.3333333333333334	0.33199999999999863	331.99999999999864	0.002	0.986	0.18827551087898176	0.18873333333333198	188.73333333333198	0.0	0.983
ti|261594	0.3333333333333334	0.32749999999999885	327.49999999999886	0.0	0.981	0.18827551087898176	0.1868166666666654	186.8166666666654	0.0	0.976
ti|191218	0.3333333333333334	0.340499999999998	340.499999999998	0.011	0.984	0.18827551087898176	0.1906499999999985	190.6499999999985	0.0	0.99
